﻿Jenis,Merk,Tipe,Harga
Ban,FDR,MP 96 R17,375000
Ban,FDR,BLAZE R17,279000
Ban,FDR,MP 57 R17,370000
Ban,FDR,MP 27 R17,370000
Ban,FDR,NEW FACIO EST R14,180000
Ban,Swallow,S 224 R12,280000
Ban,Swallow,SB 132 R14,150000
Ban,Swallow,SB 132 R17,175000
Ban,Swallow,S 220 R12,218000
Ban,IRC,MB R12,215000
Ban,IRC,MB 67 R12,250000
Ban,IRC,EXATO NR88 R17,255000
Oli,Shell,Advance Ultra 4T 1L,95000
Oli,Shell,Advance VSX 4T 1L,45000
Oli,AHM,MPX 1  800ML,45000
Oli,AHM,MPX 2 800ML,49500
Oli,AHM ,MPX 3 800ML,40000
Oli,Top1,Action Plus,30000
Oli,Top1,Action Matic 20w 40 800ML,30000
Oli,Castrol,Castrol Oil Active 2T 800ML,33500
Oli,Castrol,Active Extra 4T 800ML,35000
Oli,Repsol,Moto 4T 800ML,32500
Oli,Repsol,Moto Super 4T 800ML,33500
Seher,AHM,Stang Seher Vario 150 eSP,675000
Shock Depan,AHM,Fork Assy L FR BeAT eSP dan Scoopy eSP,595000
Segitiga Depan,AHM,Stem Sub Assy STR BeAT eSP,495000
Fuel Pump,AHM,Vario 125 eSP,465000
Fuel Pump,AHM,Supra X 125 Helm In,470000
Shock Belakang,AHM,Cushion Assy RR BeAT FI BeAT Sporty Scoopy FI,455000
Shock Depan,AHM,Fork Assy R Front Vario 125 eSP,435000
Shock Depan,AHM,Fork Assy L Front Vario 125 eSP,435000
Shock Depan,AHM,Fork Assy L Front BeAT eSP Scoopy eSP,435000
Fuel Pump,AHM,BeAT FI eSP Scoopy FI eSP Vario 110 FI,410000
Shock Belakang,AHM,Supra X 125 Helm In,375000
Van Belt,AHM,BeAT eSP Scoopy FI,140000
Van Belt,AHM,Vario 150 eSP,140000
Pulley,AHM,BeAT eSP Scoopy eSP,135000
Van Belt,AHM,Scoopy eSP BeAT eSP,130000
Cakram Depan,AHM,BeAT eSP BeAT POP eSP Spacy Scoopy FI Vario 125 FI,130000
Van Belt,AHM,Vario 125 eSP Vario 150 eSP,130000
Plate Comp Drive,AHM,Vario 125 eSP Vario 150 eSP,130000
Bearing Ball ,AHM,Vario 150 eSP,120000
Cakram Depan,AHM,BeAT FI eSP Scoopy FI eSP Vario 110 FI,125000
Bearing Ball ,AHM,Vario 125 eSP Vario 125 FI Vario 150 eSP,115000
Kabel Gas,AHM,Vario 125 eSP Vario 150 eSP,90000
Kampas Rem Depan,AHM,Vario 125 eSP Vario 150 eSP,87500
Kampas Kopling,AHM,Supra X 125 Helm In,85000
Bohlam Sein,AHM,CB 150 Verza BeAT POP eSP Scoopy FI Vario 150 eSP,20000
Bohlam Depan,AHM,Blade Supra X 125 FI,27500
Bohlam Sein,AHM,Spacy FI,25000
Bohlam Sein,AHM,Vario 110 Karbu Vario 125 Vario 150 eSP,10000
Bohlam Depan,AHM,BeAT eSP,37500
Busi,Denso,Vario 125 FI Vario 150 eSP Scoopy FI,20000
Busi,AHM,Supra GTR 150 Vario 110 eSP,30000
Busi,Denso,Blade Karbu,17500
Busi,AHM,Supra FIT Revo,15000
Busi,AHM,Supra X 125 FI Vario 125 FI,17500
Klakson ,AHM,CB 150 R Supra GTR,45000
Klakson ,AHM,Spacy FI,47000
Klakson ,AHM,Revo,49000
Radiator,AHM,Vario 125 eSP,325000
Radiator,AHM,Vario 110 Karbu Vario 125 Vario 150 eSP,310000
Radiator,AHM,Vario 150 eSP,350000
Selang Radiator,AHM,Vario 150 eSP,35000
Bohlam Belakang,Yamaha,Jupiter Z Vega R,15000
Bohlam Depan,Yamaha,Jupiter MX 135,30000
Kampas Kopling,Yamaha,Jupiter MX 135 LC Jupiter Z,87500
Kampas Kopling,Yamaha,Mio 115 Mio Soul 115,250000
Shock Belakang,Yamaha,Jupiter Z Vega R,245000
Shock Belakang,Yamaha,Jupiter MX 135 LC,360000
Kampas Rem Belakang,Yamaha,Mio GT,55000
Kampas Rem Belakang,Yamaha,Mio Fino Mio Soul,47000
Kampas Rem Depan,Yamaha,Vixion Byson Xeon Mio Fino,25000
Kampas Rem Depan,Yamaha,Jupiter MX 135 LC,22500
Busi,Denso,Byson Vixion ,90000
Busi,NGK,Xeon Byson Jupiter MX,17500
Klakson ,Yamaha,Aerox Nmax,136500
Klakson ,Yamaha,Jupiter Z Vega R,35000
Van Belt,Aspira,Mio M3,95000
Van Belt,Aspira,Mio Fino,90000
Van Belt,FDR,Mio GT,165000
Aki,GS,MF GTZ 5S,210000
Aki,GS,MF GTZ 7S,300000
Aki,Yuasa,YTZ 5S,215000
