﻿id_tipe,Jenis,Tipe,Nama_motor,id_motor
5001,Ban,MP 96 R17,Verza,38
5001,Ban,MP 96 R17,Byson,41
5001,Ban,MP 96 R17,Vixion,40
5001,Ban,MP 96 R17,CB 150 R,33
5002,Ban,BLAZE R17,Verza,38
5002,Ban,BLAZE R17,Byson,41
5002,Ban,BLAZE R17,Vixion,40
5002,Ban,BLAZE R17,CB 150 R,33
5003,Ban,MP 57 R17,Verza,38
5003,Ban,MP 57 R17,Byson,41
5003,Ban,MP 57 R17,Vixion,40
5003,Ban,MP 57 R17,CB 150 R,33
5004,Ban,MP 27 R17,Verza,38
5004,Ban,MP 27 R17,Byson,41
5004,Ban,MP 27 R17,Vixion,40
5004,Ban,MP 27 R17,CB 150 R,33
5005,Ban,NEW FACIO EST R14,Mio M3,1
5005,Ban,NEW FACIO EST R14,Mio Fino,2
5005,Ban,NEW FACIO EST R14,Mio GT,3
5005,Ban,NEW FACIO EST R14,Mio Soul,4
5005,Ban,NEW FACIO EST R14,Mio 115,5
5005,Ban,NEW FACIO EST R14,Mio Soul 115,6
5005,Ban,NEW FACIO EST R14,Vario 110 FI,7
5005,Ban,NEW FACIO EST R14,Vario 110 eSP,8
5005,Ban,NEW FACIO EST R14,Vario 110 Karbu,9
5005,Ban,NEW FACIO EST R14,Vario 125,10
5005,Ban,NEW FACIO EST R14,Vario 125 FI,11
5005,Ban,NEW FACIO EST R14,Vario 125 eSP,12
5005,Ban,NEW FACIO EST R14,Vario 150 eSP,13
5005,Ban,NEW FACIO EST R14,BeAT FI,14
5005,Ban,NEW FACIO EST R14,BeAT FI eSP,15
5005,Ban,NEW FACIO EST R14,BeAT Sporty,16
5005,Ban,NEW FACIO EST R14,BeAT eSP,17
5005,Ban,NEW FACIO EST R14,Beat POP eSP,18
5006,Ban,S 224 R12,Scoopy FI,20
5006,Ban,S 224 R12,Scoopy FI eSP,21
5007,Ban,SB 132 R14,Mio M3,1
5007,Ban,SB 132 R14,Mio Fino,2
5007,Ban,SB 132 R14,Mio GT,3
5007,Ban,SB 132 R14,Mio Soul,4
5007,Ban,SB 132 R14,Mio 115,5
5007,Ban,SB 132 R14,Mio Soul 115,6
5007,Ban,SB 132 R14,Vario 110 FI,7
5007,Ban,SB 132 R14,Vario 110 eSP,8
5007,Ban,SB 132 R14,Vario 110 Karbu,9
5007,Ban,SB 132 R14,Vario 125,10
5007,Ban,SB 132 R14,Vario 125 FI,11
5007,Ban,SB 132 R14,Vario 125 eSP,12
5007,Ban,SB 132 R14,Vario 150 eSP,12
5007,Ban,SB 132 R14,BeAT FI,14
5007,Ban,SB 132 R14,BeAT FI eSP,15
5007,Ban,SB 132 R14,BeAT Sporty,16
5007,Ban,SB 132 R14,BeAT eSP,15
5007,Ban,SB 132 R14,Beat POP eSP,18
5008,Ban,SB 132 R17,Verza,38
5008,Ban,SB 132 R17,Byson,41
5008,Ban,SB 132 R17,Vixion,40
5008,Ban,SB 132 R17,CB 150 R,33
5009,Ban,S 220 R12,Scoopy FI,20
5009,Ban,S 220 R12,Scoopy FI eSP,21
5010,Ban,MB R12,Scoopy FI,20
5010,Ban,MB R12,Scoopy FI eSP,21
5011,Ban,MB 67 R12,Scoopy FI,20
5011,Ban,MB 67 R12,Scoopy FI eSP,21
5012,Ban,EXATO NR88 R17,Verza,38
5012,Ban,EXATO NR88 R17,Byson,41
5012,Ban,EXATO NR88 R17,Vixion,40
5012,Ban,EXATO NR88 R17,CB 150 R,33
5013,Oli,Advance Ultra 4T 1L,Byson,41
5013,Oli,Advance Ultra 4T 1L,Vixion,40
5013,Oli,Advance Ultra 4T 1L,CB 150 R,33
5013,Oli,Advance Ultra 4T 1L,CBR 150,34
5014,Oli,Advance VSX 4T 1L,Supra GTR,32
5014,Oli,Advance VSX 4T 1L,CB 150 R,33
5014,Oli,Advance VSX 4T 1L,Verza,38
5014,Oli,Advance VSX 4T 1L,Vixion,40
5014,Oli,Advance VSX 4T 1L,Byson,41
5015,Oli,MPX 1  800ML,Supra GTR,32
5015,Oli,MPX 1  800ML,CB 150 R,33
5015,Oli,MPX 1  800ML,CBR 150,34
5015,Oli,MPX 1  800ML,Verza,38
5016,Oli,MPX 2 800ML,Vario 110 FI,7
5016,Oli,MPX 2 800ML,Vario 110 eSP,8
5016,Oli,MPX 2 800ML,Vario 110 Karbu,9
5016,Oli,MPX 2 800ML,Vario 125,10
5016,Oli,MPX 2 800ML,Vario 125 FI,11
5016,Oli,MPX 2 800ML,Vario 125 eSP,12
5016,Oli,MPX 2 800ML,Vario 150 eSP,13
5016,Oli,MPX 2 800ML,BeAT FI,14
5016,Oli,MPX 2 800ML,BeAT FI eSP,15
5016,Oli,MPX 2 800ML,BeAT Sporty,16
5016,Oli,MPX 2 800ML,BeAT eSP,17
5016,Oli,MPX 2 800ML,Beat POP eSP,18
5016,Oli,MPX 2 800ML,Scoopy eSP,19
5016,Oli,MPX 2 800ML,Scoopy FI,20
5016,Oli,MPX 2 800ML,Scoopy FI eSP,21
5016,Oli,MPX 2 800ML,Spacy,22
5016,Oli,MPX 2 800ML,Spacy FI,23
5017,Oli,MPX 3 800ML,Vario 110 FI,7
5017,Oli,MPX 3 800ML,Vario 110 eSP,8
5017,Oli,MPX 3 800ML,Vario 110 Karbu,9
5017,Oli,MPX 3 800ML,Vario 125,10
5017,Oli,MPX 3 800ML,Vario 125 FI,11
5017,Oli,MPX 3 800ML,Vario 125 eSP,12
5017,Oli,MPX 3 800ML,Vario 150 eSP,13
5017,Oli,MPX 3 800ML,BeAT FI,14
5017,Oli,MPX 3 800ML,BeAT FI eSP,15
5017,Oli,MPX 3 800ML,BeAT Sporty,16
5017,Oli,MPX 3 800ML,BeAT eSP,17
5017,Oli,MPX 3 800ML,Beat POP eSP,18
5017,Oli,MPX 3 800ML,Scoopy eSP,19
5017,Oli,MPX 3 800ML,Scoopy FI,20
5017,Oli,MPX 3 800ML,Scoopy FI eSP,21
5017,Oli,MPX 3 800ML,Spacy,22
5017,Oli,MPX 3 800ML,Spacy FI,23
5017,Oli,MPX 3 800ML,Supra FIT,28
5017,Oli,MPX 3 800ML,Supra X,29
5017,Oli,MPX 3 800ML,Supra X 125 Helm In,30
5017,Oli,MPX 3 800ML,Supra X 125 FI,31
5017,Oli,MPX 3 800ML,Supra GTR,32
5017,Oli,MPX 3 800ML,CB 150 R,33
5017,Oli,MPX 3 800ML,Blade,35
5017,Oli,MPX 3 800ML,Blade Karbu,36
5017,Oli,MPX 3 800ML,Revo,37
5018,Oli,Action Plus,Jupiter MX 135,26
5018,Oli,Action Plus,Jupiter MX 135 LC,27
5018,Oli,Action Plus,Supra X 125 Helm In,30
5018,Oli,Action Plus,Supra X 125 FI,31
5018,Oli,Action Plus,Supra GTR,32
5018,Oli,Action Plus,CB 150 R,33
5018,Oli,Action Plus,CBR 150,34
5018,Oli,Action Plus,Verza,38
5018,Oli,Action Plus,Vixion,40
5018,Oli,Action Plus,Byson,41
5019,Oli,Action Matic 20w 40 800ML,Vario 150 eSP,13
5019,Oli,Action Matic 20w 40 800ML,Xeon,42
5019,Oli,Action Matic 20w 40 800ML,Aerox,43
5019,Oli,Action Matic 20w 40 800ML,Nmax,44
5020,Oli,Castrol Oil Active 2T 800ML,Ninja 150 RR,45
5020,Oli,Castrol Oil Active 2T 800ML,Ninja 150 SS,46
5021,Oli,Active Extra 4T 800ML,Byson,41
5021,Oli,Active Extra 4T 800ML,Vixion,40
5021,Oli,Active Extra 4T 800ML,CB 150 R,33
5021,Oli,Active Extra 4T 800ML,CBR 150,34
5022,Oli,Moto 4T 800ML,Mio M3,1
5022,Oli,Moto 4T 800ML,Mio Fino,2
5022,Oli,Moto 4T 800ML,Mio GT,3
5022,Oli,Moto 4T 800ML,Mio Soul,4
5022,Oli,Moto 4T 800ML,Mio 115,5
5022,Oli,Moto 4T 800ML,Mio Soul 115,6
5022,Oli,Moto 4T 800ML,Vario 110 FI,7
5022,Oli,Moto 4T 800ML,Vario 110 eSP,8
5022,Oli,Moto 4T 800ML,Vario 110 Karbu,9
5022,Oli,Moto 4T 800ML,Vario 125,10
5022,Oli,Moto 4T 800ML,Vario 125 FI,11
5022,Oli,Moto 4T 800ML,Vario 125 eSP,12
5022,Oli,Moto 4T 800ML,Vario 150 eSP,13
5022,Oli,Moto 4T 800ML,BeAT FI,14
5022,Oli,Moto 4T 800ML,BeAT FI eSP,15
5022,Oli,Moto 4T 800ML,BeAT Sporty,16
5022,Oli,Moto 4T 800ML,BeAT eSP,17
5022,Oli,Moto 4T 800ML,Beat POP eSP,18
5022,Oli,Moto 4T 800ML,Scoopy eSP,19
5022,Oli,Moto 4T 800ML,Scoopy FI,20
5022,Oli,Moto 4T 800ML,Scoopy FI eSP,21
5022,Oli,Moto 4T 800ML,Spacy,22
5022,Oli,Moto 4T 800ML,Spacy FI,23
5022,Oli,Moto 4T 800ML,Jupiter Z,24
5022,Oli,Moto 4T 800ML,Jupiter MX,25
5022,Oli,Moto 4T 800ML,Jupiter MX 135,26
5022,Oli,Moto 4T 800ML,Jupiter MX 135 LC,27
5022,Oli,Moto 4T 800ML,Supra FIT,28
5022,Oli,Moto 4T 800ML,Supra X,29
5022,Oli,Moto 4T 800ML,Supra X 125 Helm In,30
5022,Oli,Moto 4T 800ML,Supra X 125 FI,31
5022,Oli,Moto 4T 800ML,Supra GTR,32
5022,Oli,Moto 4T 800ML,CB 150 R,33
5022,Oli,Moto 4T 800ML,CBR 150,34
5022,Oli,Moto 4T 800ML,Blade,35
5022,Oli,Moto 4T 800ML,Blade Karbu,36
5022,Oli,Moto 4T 800ML,Revo,37
5022,Oli,Moto 4T 800ML,Verza,38
5022,Oli,Moto 4T 800ML,Vega R,39
5022,Oli,Moto 4T 800ML,Vixion,40
5022,Oli,Moto 4T 800ML,Byson,41
5022,Oli,Moto 4T 800ML,Xeon,42
5022,Oli,Moto 4T 800ML,Aerox,43
5022,Oli,Moto 4T 800ML,Nmax,44
5023,Oli,Moto Super 4T 800ML,Byson,41
5023,Oli,Moto Super 4T 800ML,Vixion,40
5023,Oli,Moto Super 4T 800ML,CB 150 R,33
5023,Oli,Moto Super 4T 800ML,CBR 150,34
5024,Seher,Stang Seher Vario 150 eSP,Vario 150 eSP,13
5025,Shock Depan,Fork Assy L FR BeAT eSP dan Scoopy eSP,BeAT eSP,17
5025,Shock Depan,Fork Assy L FR BeAT eSP dan Scoopy eSP,Scoopy eSP,19
5026,Segitiga Depan,Stem Sub Assy STR BeAT eSP,BeAT eSP,17
5027,Fuel Pump,Vario 125 eSP,Vario 125 eSP,12
5028,Fuel Pump,Supra X 125 Helm In,Supra X 125 Helm In,30
5029,Shock Belakang,Cushion Assy RR BeAT FI BeAT Sporty Scoopy FI,BeAT Sporty,16
5029,Shock Belakang,Cushion Assy RR BeAT FI BeAT Sporty Scoopy FI,Scoopy FI,20
5029,Shock Belakang,Cushion Assy RR BeAT FI BeAT Sporty Scoopy FI,BeAT FI,14
5030,Shock Depan,Fork Assy R Front Vario 125 eSP,Vario 125 eSP,12
5031,Shock Depan,Fork Assy L Front Vario 125 eSP,Vario 125 eSP,12
5032,Shock Depan,Fork Assy L Front BeAT eSP Scoopy eSP,BeAT eSP,17
5032,Shock Depan,Fork Assy L Front BeAT eSP Scoopy eSP,Scoopy eSP,19
5033,Fuel Pump,BeAT FI eSP Scoopy FI eSP Vario 110 FI,BeAT FI eSP,14
5033,Fuel Pump,BeAT FI eSP Scoopy FI eSP Vario 110 FI,Scoopy FI eSP,21
5033,Fuel Pump,BeAT FI eSP Scoopy FI eSP Vario 110 FI,Vario 110 FI,7
5034,Shock Belakang,Supra X 125 Helm In,Supra X 125 Helm In,30
5035,Van Belt,BeAT eSP Scoopy FI,BeAT eSP,17
5035,Van Belt,BeAT eSP Scoopy FI,Scoopy FI,20
5036,Van Belt,Vario 150 eSP,Vario 150 eSP,13
5037,Pulley,BeAT eSP Scoopy eSP,Scoopy eSP,19
5037,Pulley,BeAT eSP Scoopy eSP,BeAT eSP,17
5038,Van Belt,Scoopy eSP BeAT eSP,Scoopy eSP,19
5038,Van Belt,Scoopy eSP BeAT eSP,BeAT eSP,17
5039,Cakram Depan,BeAT eSP BeAT POP eSP Spacy Scoopy FI Vario 125 FI,BeAT eSP,17
5039,Cakram Depan,BeAT eSP BeAT POP eSP Spacy Scoopy FI Vario 125 FI,Beat POP eSP,18
5039,Cakram Depan,BeAT eSP BeAT POP eSP Spacy Scoopy FI Vario 125 FI,Spacy,22
5039,Cakram Depan,BeAT eSP BeAT POP eSP Spacy Scoopy FI Vario 125 FI,Scoopy FI,20
5039,Cakram Depan,BeAT eSP BeAT POP eSP Spacy Scoopy FI Vario 125 FI,Vario 125 FI,11
5040,Van Belt,Vario 125 eSP Vario 150 eSP,Vario 125 eSP,12
5040,Van Belt,Vario 125 eSP Vario 150 eSP,Vario 150 eSP,13
5041,Plate Comp Drive,Vario 125 eSP Vario 150 eSP,Vario 125 eSP,12
5041,Plate Comp Drive,Vario 125 eSP Vario 150 eSP,Vario 150 eSP,13
5042,Bearing Ball ,Vario 150 eSP,Vario 150 eSP,13
5043,Cakram Depan,BeAT FI eSP Scoopy FI eSP Vario 110 FI,BeAT FI,14
5043,Cakram Depan,BeAT FI eSP Scoopy FI eSP Vario 110 FI,Scoopy FI eSP,21
5043,Cakram Depan,BeAT FI eSP Scoopy FI eSP Vario 110 FI,Vario 110 FI,7
5044,Bearing Ball ,Vario 125 eSP Vario 125 FI Vario 150 eSP,Vario 125 eSP,12
5044,Bearing Ball ,Vario 125 eSP Vario 125 FI Vario 150 eSP,Vario 125 FI,11
5044,Bearing Ball ,Vario 125 eSP Vario 125 FI Vario 150 eSP,Vario 150 eSP,13
5045,Kabel Gas,Vario 125 eSP Vario 150 eSP,Vario 125 eSP,12
5045,Kabel Gas,Vario 125 eSP Vario 150 eSP,Vario 150 eSP,13
5046,Kampas Rem Depan,Vario 125 eSP Vario 150 eSP,Vario 125 eSP,12
5046,Kampas Rem Depan,Vario 125 eSP Vario 150 eSP,Vario 150 eSP,13
5047,Kampas Kopling,Supra X 125 Helm In,Supra X 125 Helm In,30
5048,Bohlam Sein,CB 150 Verza BeAT POP eSP Scoopy FI Vario 150 eSP,CB 150 R,33
5048,Bohlam Sein,CB 150 Verza BeAT POP eSP Scoopy FI Vario 150 eSP,Verza,38
5048,Bohlam Sein,CB 150 Verza BeAT POP eSP Scoopy FI Vario 150 eSP,Beat POP eSP,18
5048,Bohlam Sein,CB 150 Verza BeAT POP eSP Scoopy FI Vario 150 eSP,Scoopy FI,20
5048,Bohlam Sein,CB 150 Verza BeAT POP eSP Scoopy FI Vario 150 eSP,Vario 150 eSP,13
5049,Bohlam Depan,Blade Supra X 125 FI,Blade,35
5049,Bohlam Depan,Blade Supra X 125 FI,Supra X 125 Fi,31
5050,Bohlam Sein,Spacy FI,Spacy FI,23
5051,Bohlam Sein,Vario 110 Karbu Vario 125 Vario 150 eSP,Vario 110 Karbu,9
5051,Bohlam Sein,Vario 110 Karbu Vario 125 Vario 150 eSP,Vario 125,10
5051,Bohlam Sein,Vario 110 Karbu Vario 125 Vario 150 eSP,Vario 150 eSP,13
5052,Bohlam Depan,BeAT eSP,Beat eSP,17
5053,Busi,Vario 125 FI Vario 150 eSP Scoopy FI,Vario 125 FI,11
5053,Busi,Vario 125 FI Vario 150 eSP Scoopy FI,Vario 150 eSP,13
5053,Busi,Vario 125 FI Vario 150 eSP Scoopy FI,Scoopy FI,20
5054,Busi,Supra GTR Vario 110 eSP,Supra GTR,32
5054,Busi,Supra GTR Vario 110 eSP,Vario 110 eSP,8
5055,Busi,Blade Karbu,Blade Karbu,36
5056,Busi,Supra FIT Revo,Supra FIT,28
5056,Busi,Supra FIT Revo,Revo,37
5057,Busi,Supra X 125 FI Vario 125 FI,Supra X 125 Fi,31
5057,Busi,Supra X 125 FI Vario 125 FI,Vario 125 FI,11
5058,Klakson ,CB 150 R Supra GTR,CB 150 R,33
5058,Klakson ,CB 150 R Supra GTR,CBR 150,34
5058,Klakson ,CB 150 R Supra GTR,Supra GTR,32
5059,Klakson ,Spacy FI,Spacy FI,23
5060,Klakson ,Revo,Revo,37
5061,Radiator,Vario 125 eSP,Vario 125 eSP,12
5062,Radiator,Vario 110 Karbu Vario 125 Vario 150 eSP,Vario 110 Karbu,9
5062,Radiator,Vario 110 Karbu Vario 125 Vario 150 eSP,Vario 125,10
5062,Radiator,Vario 110 Karbu Vario 125 Vario 150 eSP,Vario 150 eSP,13
5063,Radiator,Vario 150 eSP,Vario 150 eSP,13
5064,Selang Radiator,Vario 150 eSP,Vario 150 eSP,13
5065,Bohlam Belakang,Jupiter Z Vega R,Jupiter Z,24
5065,Bohlam Belakang,Jupiter Z Vega R,Vega R,39
5066,Bohlam Depan,Jupiter MX 135,Jupiter MX 135,26
5067,Kampas Kopling,Jupiter MX 135 LC Jupiter Z,Jupiter MX 135 LC,27
5067,Kampas Kopling,Jupiter MX 135 LC Jupiter Z,Jupiter Z,24
5068,Kampas Kopling,Mio 115 Mio Soul 115,Mio 115,5
5068,Kampas Kopling,Mio 115 Mio Soul 115,Mio Soul 115,6
5069,Shock Belakang,Jupiter Z Vega R,Jupiter Z,24
5069,Shock Belakang,Jupiter Z Vega R,Vega R,39
5070,Shock Belakang,Jupiter MX 135 LC,Jupiter MX 135 LC,27
5071,Kampas Rem Belakang,Mio GT,Mio GT,3
5072,Kampas Rem Belakang,Mio Fino Mio Soul,Mio Fino,2
5072,Kampas Rem Belakang,Mio Fino Mio Soul,Mio Soul,4
5073,Kampas Rem Depan,Vixion Byson Xeon Mio Fino,Vixion,40
5073,Kampas Rem Depan,Vixion Byson Xeon Mio Fino,Byson,41
5073,Kampas Rem Depan,Vixion Byson Xeon Mio Fino,Xeon,42
5073,Kampas Rem Depan,Vixion Byson Xeon Mio Fino,Mio Fino,2
5074,Kampas Rem Depan,Jupiter MX 135 LC,Jupiter MX 135 LC,27
5075,Busi,Byson Vixion ,Byson,41
5075,Busi,Byson Vixion ,Vixion,40
5076,Busi,Xeon Byson Jupiter MX,Xeon,42
5076,Busi,Xeon Byson Jupiter MX,Byson,41
5076,Busi,Xeon Byson Jupiter MX,Jupiter MX,25
5077,Klakson ,Aerox Nmax,Aerox,43
5077,Klakson ,Aerox Nmax,Nmax,44
5078,Klakson ,Jupiter Z Vega R,Jupiter Z,24
5078,Klakson ,Jupiter Z Vega R,Vega R,39
5079,Van Belt,Mio M3,Mio M3,1
5080,Van Belt,Mio Fino,Mio Fino,2
5081,Van Belt,Mio GT,Mio GT,3
5082,Aki,MF GTZ 5S,Mio Fino,2
5082,Aki,MF GTZ 5S,Mio Soul,4
5082,Aki,MF GTZ 5S,Mio 115,5
5082,Aki,MF GTZ 5S,Mio Soul 115,6
5082,Aki,MF GTZ 5S,Vario 110 FI,7
5082,Aki,MF GTZ 5S,Vario 110 eSP,8
5082,Aki,MF GTZ 5S,Vario 110 Karbu,9
5082,Aki,MF GTZ 5S,Vario 125,10
5082,Aki,MF GTZ 5S,Vario 125 FI,11
5082,Aki,MF GTZ 5S,BeAT FI,14
5082,Aki,MF GTZ 5S,BeAT Sporty,16
5082,Aki,MF GTZ 5S,Scoopy eSP,19
5082,Aki,MF GTZ 5S,Scoopy FI,20
5082,Aki,MF GTZ 5S,Spacy,22
5082,Aki,MF GTZ 5S,Spacy FI,23
5082,Aki,MF GTZ 5S,Jupiter Z,24
5082,Aki,MF GTZ 5S,Jupiter MX,25
5082,Aki,MF GTZ 5S,Jupiter MX 135,26
5082,Aki,MF GTZ 5S,Jupiter MX 135 LC,27
5082,Aki,MF GTZ 5S,Supra FIT,28
5082,Aki,MF GTZ 5S,Supra X,29
5082,Aki,MF GTZ 5S,Supra X 125 Helm In,30
5082,Aki,MF GTZ 5S,Supra X 125 FI,31
5082,Aki,MF GTZ 5S,Supra GTR,32
5082,Aki,MF GTZ 5S,CB 150 R,33
5082,Aki,MF GTZ 5S,CBR 150,34
5082,Aki,MF GTZ 5S,Blade,35
5082,Aki,MF GTZ 5S,Blade Karbu,36
5082,Aki,MF GTZ 5S,Revo,37
5082,Aki,MF GTZ 5S,Verza,38
5082,Aki,MF GTZ 5S,Vega R,39
5082,Aki,MF GTZ 5S,Vixion,40
5082,Aki,MF GTZ 5S,Byson,41
5083,Aki,MF GTZ 7S,Mio M3,1
5083,Aki,MF GTZ 7S,Mio GT,3
5083,Aki,MF GTZ 7S,Vario 125 eSP,12
5083,Aki,MF GTZ 7S,Vario 150 eSP,13
5083,Aki,MF GTZ 7S,Beat POP eSP,18
5083,Aki,MF GTZ 7S,Scoopy eSP,19
5083,Aki,MF GTZ 7S,Scoopy FI eSP,21
5083,Aki,MF GTZ 7S,Aerox,43
5083,Aki,MF GTZ 7S,Nmax,44
5084,Aki,YTZ 5S,Mio Fino,2
5084,Aki,YTZ 5S,Mio Soul,4
5084,Aki,YTZ 5S,Mio 115,5
5084,Aki,YTZ 5S,Mio Soul 115,6
5084,Aki,YTZ 5S,Vario 110 FI,7
5084,Aki,YTZ 5S,Vario 110 eSP,8
5084,Aki,YTZ 5S,Vario 110 Karbu,9
5084,Aki,YTZ 5S,Vario 125,10
5084,Aki,YTZ 5S,Vario 125 FI,11
5084,Aki,YTZ 5S,BeAT FI,14
5084,Aki,YTZ 5S,BeAT Sporty,16
5084,Aki,YTZ 5S,Scoopy eSP,19
5084,Aki,YTZ 5S,Scoopy FI,20
5084,Aki,YTZ 5S,Spacy,22
5084,Aki,YTZ 5S,Spacy FI,23
5084,Aki,YTZ 5S,Jupiter Z,24
5084,Aki,YTZ 5S,Jupiter MX,25
5084,Aki,YTZ 5S,Jupiter MX 135,26
5084,Aki,YTZ 5S,Jupiter MX 135 LC,27
5084,Aki,YTZ 5S,Supra FIT,28
5084,Aki,YTZ 5S,Supra X,29
5084,Aki,YTZ 5S,Supra X 125 Helm In,30
5084,Aki,YTZ 5S,Supra X 125 FI,31
5084,Aki,YTZ 5S,Supra GTR,32
5084,Aki,YTZ 5S,CB 150 R,33
5084,Aki,YTZ 5S,CBR 150,34
5084,Aki,YTZ 5S,Blade,35
5084,Aki,YTZ 5S,Blade Karbu,36
5084,Aki,YTZ 5S,Revo,37
5084,Aki,YTZ 5S,Verza,38
5084,Aki,YTZ 5S,Vega R,39
5084,Aki,YTZ 5S,Vixion,40
5084,Aki,YTZ 5S,Byson,41
